ARBITRATION 2023,,,by club,,,,"6 player victories, 13 club victories",,,   ,
Player ,Season,Club,Pos'n,MLS,2022 WARP,Career WARP,2022 Salary,Player Request,Club                 Offer,2023 Salary,Estimate
Super 2 Cutoff,2023,MLB,,2.128,,,,,,,
"Barría, Jaime",2023,ANA,rhp,3.035,0.5,0.4,"$730,000 ",,,"$1,050,000 ","$1,000,000"
"Canning, Griffin",2023,ANA,rhp,3.075,-,1.2,"$730,000 ",,,"$850,000 ","$950,000"
"Ohtani, Shohei",2023,ANA,rhp-s,5.000,3.5,11.3,"$5,500,000 ",,,"$30,000,000 ",
"Renfroe, Hunter",2023,ANA,rf,5.165,2.6,11.3,"$7,650,000 ","$11,900,000 ","$11,250,000 ","$11,900,000 ","$10,750,000"
"Rengifo, Luis",2023,ANA,2b,3.043,2.4,4.1,,"$2,300,000 ","$2,000,000 ","$2,300,000 ","$2,100,000"
"Sandoval, Patrick",2023,ANA,lhp,2.149,2.0,4.2,"$720,000 ",,,"$2,750,000 ","$2,250,000"
"Toussaint, Touki",2023,ANA,rhp,2.135,0.3,1.9,,,non-tendered,,"$950,000"
"Urshela, Giovanny",2023,ANA,3b,5.127,2.2,8.6,"$6,550,000 ","$10,000,000 ","$8,400,000 ","$8,400,000 ","$8,450,000"
"Wallach, Chad",2023,ANA,c,3.030,0.1,0.4,,,outrighted,,"$815,000"
"Walsh, Jared",2023,ANA,1b-rf,3.010,-0.8,1.4,"$730,000 ",,,"$2,650,000 ","$1,250,000"
"Ward, Taylor",2023,ANA,3b,2.164,3.9,4.7,"$720,000 ",,,"$2,750,000 ","$3,250,000"
"Gallen, Zac",2023,ARI,rhp-s,3.100,4.2,9.6,"$745,600 ",,,"$5,600,000 ","$4,250,000"
"Kelly, Carson",2023,ARI,c,4.161,0.9,6.2,"$3,325,000 ",,,"$4,275,000 ","$4,500,000"
"Lewis, Kyle",2023,ARI,of,2.146,0.1,1.6,"$757,900 ",,,"$1,610,000 ","$1,150,000"
"Luplow, Jordan",2023,ARI,of,4.108,1.3,4.3,"$1,400,000 ",,non-tendered,,"$2,750,000"
"Middleton, Keynan",2023,ARI,rhp,5.023,0.1,0.7,,,outrighted,,"$900,000"
"Moronta, Reyes",2023,ARI,rhp,4.111,0.2,2.6,,,non-tendered,,"$1,900,000"
"Rojas, Josh",2023,ARI,2b,2.152,1.1,1.8,"$730,900 ","$2,900,000 ","$2,575,000 ","$2,575,000 ","$1,500,000"
"Smith, Caleb",2023,ARI,lhp-s,5.077,-0.1,2.6,"$2,000,000 ",,non-tendered,,"$2,500,000"
"Sulser, Cole",2023,ARI,rhp,3.028,0.4,1.7,"$711,000 ",,,"$825,000 ","$1,000,000"
"Walker, Christian",2023,ARI,1b,4.124,4.4,10.4,"$2,600,000 ",,,"$6,500,000 ","$6,250,000"
"Bracho, Silvino",2023,ATL,rhp,3.099,0.0,1.1,,,non-tendered,,"$900,000"
"Fried, Max",2023,ATL,lhp-s,4.148,3.5,11.4,"$6,850,000 ","$15,000,000 ","$13,500,000 ","$13,500,000 ","$12,750,000"
"Heredia, Guillermo",2023,ATL,of,5.112,0.1,4.8,"$1,000,000 ",,non-tendered,,"$1,250,000"
"Jiménez, Joe",2023,ATL,rhp,5.061,1.5,3.8,"$1,790,000 ",,,"$2,765,000 ","$3,000,000"
"Luetge, Lucas",2023,ATL,lhp,4.015,0.6,2.4,"$905,000 ",,,"$1,550,000 ","$1,950,000"
"Matzek, Tyler",2023,ATL,lhp,4.019,0.0,3.0,"$1,400,000 ",,2 y/$3.1M extn,,"$2,250,000"
"Minter, A.J.",2023,ATL,lhp,4.154,1.9,4.9,"$2,200,000 ",,,"$4,287,500 ","$4,500,000"
"Murphy, Sean",2023,ATL,c,3.029,4.0,7.5,"$725,000 ",,6 y/$73M extn,,"$3,900,000"
"Santana, Dennis",2023,ATL,rhp,3.095,0.6,0.8,"$720,000 ",,,"$1,000,000 ","$1,250,000"
"Soroka, Mike",2023,ATL,rhp-s,4.122,-,3.1,"$2,800,000 ",,,"$2,800,000 ","$2,800,000"
"Cave, Jake",2023,BAL,of,3.137,0.3,0.2,"$800,000 ",,,,"$875,000"
"Gallagher, Cam",2023,BAL,c,4.073,0.1,2.5,"$885,000 ",,outrighted,,"$1,150,000"
"Garcia, Aramis",2023,BAL,c,3.036,0.6,0.8,"$700,000 ",,outrighted,,"$1,250,000"
"Hays, Austin",2023,BAL,lf,3.057,2.4,6.1,"$713,000 ",,,"$3,200,000 ","$3,750,000"
"Mateo, Jorge",2023,BAL,rf,3.000,0.9,1.3,"$709,500 ",,,"$2,000,000 ","$1,250,000"
"Mullins, Cedric",2023,BAL,cf,3.078,2.9,8.5,"$716,500 ",,,"$4,100,000 ","$5,000,000"
"Santander, Anthony",2023,BAL,rf,4.162,3.6,6.9,"$3,150,000 ",,,"$7,400,000 ","$7,100,000"
"Tate, Dillon",2023,BAL,rhp,3.048,1.1,2.1,"$711,500 ",,,"$1,500,000 ","$915,000"
"Voth, Austin",2023,BAL,rhp,3.127,0.6,0.8,"$875,000 ","$2,000,000 ","$1,700,000 ","$1,850,000 ","$1,550,000"
"Arroyo, Christian",2023,BOS,3b,4.036,0.6,2.0,"$1,200,000 ",,,"$2,000,000 ","$3,000,000"
"Brasier, Ryan",2023,BOS,rhp,5.109,0.8,2.0,"$1,400,000 ",,,"$2,000,000 ","$2,500,000"
"Chang, Yu-Cheng",2023,BOS,ss,3.007,0.1,0.4,"$705,400 ",,non-tendered,,"$825,000"
"Cordero, Franchy",2023,BOS,cf-rf,4.092,0.1,-0.5,,,non-tendered,,"$1,000,000"
"Devers, Rafael",2023,BOS,3b,5.070,3.7,15.6,"$11,200,000 ",,,"$17,500,000 ","$16,500,000"
"McGuire, Reese",2023,BOS,c,3.027,0.1,2.8,"$722,400 ",,,"$1,225,000 ","$2,050,000"
"Pivetta, Nick",2023,BOS,rhp-s,4.166,1.5,10.4,"$2,650,000 ",,,"$5,350,000 ","$5,250,000"
"Refsnyder, Rob",2023,BOS,2b-of,4.048,0.7,0.7,,,,"$1,200,000 ","$1,250,000"
"Taylor, Josh",2023,BOS,lhp,3.121,-,1.7,"$1,025,000 ",,,"$1,025,000 ","$1,050,000"
"Verdugo, Alex",2023,BOS,of,4.078,1.9,7.3,"$3,550,000 ",,,"$6,300,000 ","$5,500,000"
"Cease, Dylan",2023,CHA,rhp,3.089,4.5,7.7,"$750,000 ",,,"$5,700,000 ","$4,750,000"
"Crick, Kyle",2023,CHA,rhp,5.027,0.2,1.9,"$1,250,000 ",,outrighted,,"$1,500,000"
"Engel, Adam",2023,CHA,of,5.058,-0.6,1.5,"$2,000,000 ",,non-tendered,,"$2,150,000"
"Giolito, Lucas",2023,CHA,rhp-s,5.080,1.1,9.2,"$7,450,000 ",,,"$10,400,000 ","$10,450,000"
"Kopech, Michael",2023,CHA,rhp,3.041,0.8,2.8,"$730,000 ",,,"$2,050,000 ","$1,750,000"
"López, Reynaldo",2023,CHA,rhp-s,5.004,1.3,2.4,"$2,625,000 ",,,"$3,625,000 ","$3,600,000"
"Mendick, Danny",2023,CHA,ss,2.168,0.3,1.2,"$714,000 ",,non-tendered,,"$1,100,000"
"Ruiz, José",2023,CHA,rhp,3.048,0.6,1.0,"$720,000 ",,,"$925,000 ","$1,300,000"
"Brault, Steven",2023,CHN,lhp-s,4.167,0.1,1.7,,,outrighted,,"$1,200,000"
"Happ, Ian",2023,CHN,cf,5.036,3.2,7.0,"$6,850,000 ",,,"$10,850,000 ","$11,750,000"
"Heuer, Codi",2023,CHN,rhp,3.000,-,1.0,"$734,000 ",,,"$785,000 ","$750,000"
"Hoerner, Nico",2023,CHN,2b,3.014,3.2,5.5,"$720,000 ",,,"$2,525,000 ","$4,000,000"
"Madrigal, Nick",2023,CHN,2b,2.164,0.9,2.2,"$716,500 ",,,"$1,225,000 ","$1,750,000"
"Mills, Alec",2023,CHN,rhp,3.097,-0.2,2.1,"$741,250 ",,outrighted,,"$800,000"
"Oretga, Rafael",2023,CHN,lf,2.145,0.6,1.7,"$738,500 ",,non-tendered,,"$1,500,000"
"Reyes, Franmil",2023,CHN,rf,4.115,-0.1,4.4,"$4,550,000 ",,outrighted,,"$5,250,000"
"Sampson, Adrian",2023,CHN,rhp,2.117,0.2,0.7,,,,"$1,900,000 ",
"Wick, Rowan",2023,CHN,rhp,3.114,0.7,1.7,"$724,000 ",,,"$1,550,000 ","$1,000,000"
"Wieck, Brad",2023,CHN,lhp,3.085,-,1.0,"$717,000 ",,outrighted,,"$755,000"
"Antone, Tejay",2023,CIN,rhp,3.000,-,1.5,"$720,000 ",,,"$770,000 ","$750,000"
"Aquíno, Aristides",2023,CIN,rf,3.003,0.8,2.1,"$720,000 ",,non-tendered,,"$1,350,000"
"Cessa, Luis",2023,CIN,rhp,5.131,0.3,2.5,"$1,800,000 ",,,"$2,650,000 ","$2,750,000"
"Dunn, Justin",2023,CIN,rhp,3.016,-0.5,-1.0,"$720,000 ",,,"$900,000 ","$775,000"
"Farmer, Buck",2023,CIN,rhp,5.140,0.8,1.6,"$850,000 ",,,"$1,750,000 ","$1,250,000"
"Hoffman, Jeff",2023,CIN,rhp-s,4.105,0.3,2.0,"$925,000 ",,non-tendered,,"$1,750,000"
"Law, Derek",2023,CIN,rhp,3.081,0.2,1.9,,,non-tendered,,"$1,250,000"
"Newman, Kevin",2023,CIN,2b,4.046,0.8,3.5,"$1,950,000 ",,,"$2,662,500 ","$3,500,000"
"Senzel, Nick",2023,CIN,of-3b,3.150,1.1,2.1,"$1,250,000 ",,,"$1,950,000 ","$2,300,000"
"Sims, Lucas",2023,CIN,rhp,4.014,0.0,3.0,"$1,200,000 ",,,"$1,267,500 ","$1,650,000"
"Bieber, Shane",2023,CLE,rhp-s,4.097,3.8,15.3,"$6,000,000 ",,,"$10,010,000 ","$12,750,000"
"Civale, Aaron",2023,CLE,rhp,3.058,1.1,2.8,"$716,900 ",,,"$2,600,000 ","$2,150,000"
"Gose, Anthony",2023,CLE,lhp,3.139,0.2,0.3,"$702,900 ",,non-tendered,,"$900,000"
"Karinchak, James",2023,CLE,rhp,2.169,1.0,2.9,"$714,500 ",,,"$1,500,000 ","$2,000,000"
"Maile, Luke",2023,CLE,c,5.148,0.2,3.1,"$900,000 ",,non-tendered,,"$1,600,000"
"Naylor, Josh",2023,CLE,lf-1b,3.127,1.4,2.4,"$1,200,000 ",,,"$3,350,000 ","$2,850,000"
"Plesac, Zach",2023,CLE,rhp,3.086,0.1,1.0,"$2,000,000 ",,,"$2,950,000 ","$2,500,000"
"Quantrill, Cal",2023,CLE,rhp-s,3.132,0.8,3.0,"$2,510,000 ",,,"$5,550,000 ","$5,000,000"
"Rosario, Amed",2023,CLE,ss-of,5.062,2.8,6.2,"$4,950,000 ",,,"$7,800,000 ","$9,000,000"
"Blach, Ty",2023,COL,lhp-s,3.007,0.1,-0.1,"$750,000 ",,,,"$780,000"
"Gomber, Austin",2023,COL,lhp,3.111,-0.1,2.1,"$710,000 ",,,"$1,650,000 ","$1,250,000"
"Hampson, Garrett",2023,COL,2b-ss,4.030,0.1,2.0,"$1,862,500 ",,non-tendered,,"$2,000,000"
"Kinley, Tyler",2023,COL,rhp,4.014,0.4,1.6,"$1,025,000 ",,,,"$1,400,000"
"Lamet, Dinelson",2023,COL,rhp-s,5.070,0.4,7.5,"$4,775,000 ",,,"$5,000,000 ","$5,500,000"
"Rodgers, Brendan",2023,COL,ss,3.075,2.9,4.7,"$710,000 ",,,"$2,700,000 ","$3,750,000"
"Suter, Brent",2023,COL,lhp,5.161,0.3,4.1,"$2,700,000 ",,,"$3,000,000 ","$3,500,000"
"Alexander, Tyler",2023,DET,lhp,3.058,-1.3,-1.2,"$716,900 ",,,"$1,875,000 ","$800,000"
"Candelario, Jeimer",2023,DET,3b,5.038,0.2,4.5,"$5,800,000 ",,non-tendered,,"$6,350,000"
"Castro, Harold",2023,DET,3b,3.141,0.2,0.3,"$1,275,000 ",,non-tendered,,"$1,425,000"
"Castro, Willi",2023,DET,ss,3.017,0.8,0.9,,,non-tendered,,"$1,100,000"
"Cisnero, José",2023,DET,rhp,5.020,0.2,2.0,"$1,900,000 ",,,"$2,287,500 ","$2,150,000"
"Diaz, Miguel",2023,DET,rhp,2.132,0.0,1.0,,,non-tendered,,"$835,000"
"Funkhouser, Kyle",2023,DET,rhp,2.133,-,0.4,"$710,200 ",,non-tendered,,"$735,000"
"García, Rony",2023,DET,rhp,2.138,0.4,0.1,"$704,800 ",,,"$830,000 ","$895,000"
"Meadows, Austin",2023,DET,rf,4.074,0.5,4.5,"$4,000,000 ",,,"$4,300,000 ","$4,500,000"
"Reyes, Victor",2023,DET,rf,4.075,-0.4,0.5,"$1,400,000 ",,outrighted,,"$1,550,000"
"Dubón, Mauricio",2023,HOU,ss,2.162,0.1,2.5,"$715,000 ",,,"$1,400,000 ","$1,400,000"
"James, Josh",2023,HOU,rhp,3.110,-,2.1,,,non-tendered,,"$875,000"
"Javier, Cristian",2023,HOU,rhp-s,3.000,3.5,4.8,"$749,100 ","$3,500,000 ","$3,000,000 ",5 y/$64M extn,"$3,000,000"
"Maton, Phil",2023,HOU,rhp,5.047,0.9,4.6,"$1,550,000 ",,,"$2,550,000 ","$2,850,000"
"Stanek, Ryne",2023,HOU,rhp,5.038,0.8,3.8,"$2,100,000 ",,,"$3,600,000 ","$3,500,000"
"Taylor, Blake",2023,HOU,lhp,3.000,0.0,0.3,"$731,800 ",,,"$830,000 ","$875,000"
"Tucker, Kyle",2023,HOU,of,3.079,4.1,8.8,"$764,200 ","$7,500,000 ","$5,000,000 ","$5,000,000 ","$4,750,000"
"Urquidy, José",2023,HOU,rhp-s,3.049,0.8,1.8,"$748,700 ",,,"$3,025,000 ","$2,100,000"
"Valdez, Framber",2023,HOU,lhp,3.163,3.3,7.8,"$3,000,000 ",,,"$6,800,000 ","$7,000,000"
"Barlow, Scott",2023,KCA,rhp,4.030,1.6,4.8,"$2,400,000 ",,,"$5,300,000 ","$4,200,000"
"Bubic, Kris",2023,KCA,lhp-s,2.135,-0.9,-1.0,"$713,750 ",,,"$2,200,000 ","$1,100,000"
"Clarke, Taylor",2023,KCA,rhp,3.120,0.8,1.8,"$975,000 ",,,"$1,150,000 ","$1,700,000"
"Garrett, Amir",2023,KCA,lhp,5.099,0.4,4.4,"$2,025,000 ",,,"$2,650,000 ","$2,725,000"
"Keller, Brad",2023,KCA,rhp,5.000,0.7,1.6,"$4,825,000 ",,,"$5,775,000 ","$6,000,000"
"Lopez, Nicky",2023,KCA,2b,3.139,0.7,5.7,"$2,550,000 ",,,"$3,700,000 ","$3,550,000"
"Mondesi, Adalberto",2023,KCA,ss,5.088,0.1,2.8,"$3,000,000 ",,,"$3,045,000 ","$3,100,000"
"O'Hearn, Ryan",2023,KCA,1b,4.002,-0.2,-0.2,"$1,300,000 ",,,"$1,400,000 ","$1,300,000"
"Singer, Brady",2023,KCA,rhp-s,2.156,2.9,5.3,"$726,250 ","$3,325,000 ","$2,950,000 ","$2,950,000 ","$3,750,000"
"Staumont, Josh",2023,KCA,rhp,3.072,0.4,1.5,"$728,000 ",,,"$1,025,000 ","$975,000"
"Almonte, Yency",2023,LAN,rhp,3.143,0.5,1.4,,,,"$1,500,000 ","$1,600,000"
"Bellinger, Cody",2023,LAN,1b-of,5.160,0.5,15.3,"$17,000,000 ",,non-tendered,,"$18,250,000"
"Buehler, Walker",2023,LAN,rhp-s,4.168,0.7,13.7,"$7,250,000 ",,,"$8,025,000 ","$8,000,000"
"Ferguson, Caleb",2023,LAN,lhp,4.088,0.3,2.3,"$762,500 ",,,"$1,100,000 ","$1,500,000"
"Gonsolin, Tony",2023,LAN,rhp-s,2.152,2.4,4.2,"$720,000 ","$3,400,000 ","$3,000,000 ",2 y/$6.65 extn,"$3,000,000"
"Graterol, Brusdar",2023,LAN,rhp,2.167,0.8,1.5,"$720,000 ",,,"$1,225,000 ","$1,200,000"
"May, Dustin",2023,LAN,rhp,3.059,0.3,2.5,"$730,000 ",,,"$1,675,000 ","$1,800,000"
"Ríos, Edwin",2023,LAN,3b,3.003,0.0,0.0,"$730,000 ",,non-tendered,,"$1,000,000"
"Phillips, Evan",2023,LAN,rhp,2.136,1.5,2.5,"$720,000 ",,,"$1,300,000 ","$1,250,000"
"Smith, Will",2023,LAN,c,3.090,4.1,10.8,"$730,000 ",,,"$5,250,000 ","$5,250,000"
"Thompson, Trayce",2023,LAN,of,3.010,0.7,1.0,,,,"$1,450,000 ","$1,400,000"
"Urias, Julio",2023,LAN,lhp-s,5.117,2.6,8.7,"$8,000,000 ",,,"$14,250,000 ","$13,000,000"
"Anderson, Brian",2023,MIA,3b,5.031,1.1,8.4,"$4,475,000 ",,non-tendered,,"$6,750,000"
"Arraez, Luis",2023,MIA,2b,3.121,3.3,8.5,"$2,125,000 ","$6,100,000 ","$5,000,000 ","$6,100,000 ","$6,000,000"
"Berti, Jon",2023,MIA,3b,3.168,1.1,3.2,"$1,200,000 ","$2,300,000 ","$1,900,000 ",1 y/$2.125+opt,"$2,450,000"
"Chargois, JT",2023,MIA,rhp,3.101,0.2,1.9,"$710,500 ",,,"$850,000 ","$1,500,000"
"Cooper, Garrett",2023,MIA,rf-1b,5.053,0.5,2.8,"$2,500,000 ",,,"$4,200,000 ","$3,250,000"
"Floro, Dylan",2023,MIA,rhp,5.053,0.6,3.4,"$3,000,000 ",,,"$3,900,000 ","$3,800,000"
"López, Pablo",2023,MIA,rhp-s,4.093,2.6,8.9,"$2,450,000 ",,,"$5,450,000 ","$5,250,000"
"Lúzardo, Jesus",2023,MIA,lhp-s,2.165,1.8,3.2,"$715,000 ","$2,450,000 ","$2,100,000 ","$2,450,000 ","$2,000,000"
"Scott, Tanner",2023,MIA,lhp,4.059,1.1,4.2,"$1,050,000 ",,,"$2,825,000 ","$2,000,000"
"Stallings, Jacob",2023,MIA,c,4.149,0.4,5.5,"$2,450,000 ",,,"$3,350,000 ","$3,750,000"
"Wendle, Joey",2023,MIA,3b-2b,5.088,0.8,7.2,"$4,550,000 ",,,"$6,000,000 ","$7,000,000"
"Adames, Willy",2023,MIL,ss,4.105,2.4,9.0,"$4,600,000 ",,,"$8,700,000 ","$9,000,000"
"Brosseau, Mike",2023,MIL,3b,3.031,0.2,0.7,"$706,300 ",,,"$1,400,000 ","$1,000,000"
"Burnes, Corbin",2023,MIL,rhp-s,4.049,5.4,14.4,"$6,500,000 ","$10,750,000 ","$10,010,000 ","$10,010,000 ","$13,100,000"
"Bush, Matt",2023,MIL,rhp,4.132,0.5,3.5,"$825,000 ",,,"$1,850,000 ","$1,800,000"
"Caratini, Victor",2023,MIL,c,5.051,1.7,3.6,"$2,000,000 ",,,"$2,800,000 ","$3,400,000"
"Gott, Trevor",2023,MIL,rhp,4.057,0.6,1.3,"$725,000 ",,non-tendered,,"$1,900,000"
"Gustave, Jandel",2023,MIL,rhp,4.027,0.3,0.7,"$700,000 ",,non-tendered,,"$975,000"
"Hiura, Keston",2023,MIL,2b,3.009,0.3,0.0,"$705,100 ",,,"$2,200,000 ","$1,400,000"
"Houser, Adrian",2023,MIL,rhp-s,4.010,-0.2,4.0,"$2,425,000 ",,,"$3,600,000 ","$2,925,000"
"Lauer, Eric",2023,MIL,lhp,4.033,0.9,4.6,"$2,425,000 ",,,"$5,075,000 ","$4,000,000"
"Milner, Hoby",2023,MIL,lhp,3.068,0.8,1.8,"$705,100 ",,,"$1,025,000 ","$1,250,000"
"Perdomo, Luis",2023,MIL,rhp,5.034,0.1,1.9,,,non-tendered,,"$1,250,000"
"Tellez, Rowdy",2023,MIL,1b,4.004,2.2,3.9,"$1,940,000 ",,,"$4,950,000 ","$3,750,000"
"Toro, Abraham",2023,MIL,3b,2.149,0.5,1.5,"$730,300 ",,,"$1,250,000 ","$1,250,000"
"Urías, Luis",2023,MIL,2b-ss,3.120,1.8,4.7,"$2,550,000 ",,,"$4,700,000 ","$3,500,000"
"Williams, Devin",2023,MIL,rhp,3.056,1.8,4.5,"$714,500 ",,,"$3,350,000 ","$3,000,000"
"Woodruff, Brandon",2023,MIL,rhp-s,4.161,3.7,14.5,"$6,800,000 ",,,"$10,800,000 ","$13,250,000"
"Alcala, Jorge",2023,MIN,rhp,3.014,0.0,1.4,"$717,900 ",,,"$790,000 ","$980,000"
"Coulombe, Daniel",2023,MIN,lhp,4.008,0.0,2.8,"$979,500 ",,outrighted,,"$1,450,000"
"Farmer, Kyle",2023,MIN,inf,4.129,1.2,2.9,"$3,155,000 ",,,"$5,585,000 ","$4,655,000"
"Garlick, Kyle",2023,MIN,rf,2.163,0.5,1.1,,,,"$750,000 ","$1,000,000"
"López, Jorge",2023,MIN,rhp,4.102,0.8,2.6,"$1,500,000 ",,,"$3,525,000 ","$2,900,000"
"Mahle, Tyler",2023,MIN,rhp-s,5.018,1.5,8.6,"$5,200,000 ",,,"$7,500,000 ","$8,000,000"
"Paddack, Chris",2023,MIN,rhp-s,4.000,0.2,5.8,"$2,250,000 ",,,"$2,400,000 ","$3,250,000"
"Pagán, Emilio",2023,MIN,rhp,5.091,1.3,4.2,"$2,300,000 ",,,"$3,500,000 ","$4,250,000"
"Stashak, Cody",2023,MIN,rhp,3.064,0.2,0.8,"$720,400 ",,outrighted,,"$980,000"
"Thielbar, Caleb",2023,MIN,lhp,4.131,1.5,3.8,"$1,300,000 ",,,"$2,400,000 ","$2,950,000"
"Cortes, Nestor",2023,NYA,lhp-s,3.094,2.6,3.6,"$727,500 ",,,"$3,200,000 ","$2,100,000"
"Germán, Domingo",2023,NYA,rhp-s,4.017,0.4,5.4,"$1,750,000 ",,,"$2,600,000 ","$2,350,000"
"Higashioka, Kyle",2023,NYA,c,4.005,1.8,4.6,"$935,000 ",,,"$1,462,500 ","$1,800,000"
"Holmes, Clay",2023,NYA,rhp,4.031,1.0,2.9,"$1,100,000 ",,,"$3,300,000 ","$3,200,000"
"Kiner-Falefa, Isiah",2023,NYA,ss,5.000,1.3,5.9,"$4,700,000 ",,,"$6,000,000 ","$6,250,000"
"King, Michael",2023,NYA,rhp,3.004,1.3,2.2,"$722,500 ",,,"$1,300,000 ","$1,900,000"
"Loáisiga, Jonathan",2023,NYA,rhp,4.022,0.3,2.9,"$1,650,000 ",,,"$2,262,500 ","$3,000,000"
"Locastro, Tim",2023,NYA,2b-of,3.122,0.1,1.6,,,outrighted,,"$1,350,000"
"Montas, Frankie",2023,NYA,rhp-s,5.015,0.6,8.0,"$5,025,000 ",,,"$7,500,000 ","$7,025,000"
"Peralta, Wandy",2023,NYA,lhp,5.168,0.7,2.6,"$2,150,000 ",,,"$3,350,000 ","$3,250,000"
"Torres, Gleyber",2023,NYA,ss,4.162,2.9,11.7,"$6,250,000 ","$10,200,000 ","$9,700,000 ","$9,950,000 ","$9,500,000"
"Trevino, Jose",2023,NYA,c,3.063,3.6,6.7,"$720,000 ",,,"$2,360,000 ","$3,600,000"
"Trivino, Lou",2023,NYA,rhp,4.163,0.4,3.9,"$3,000,000 ",,,"$4,100,000 ","$3,600,000"
"Alonso, Pete",2023,NYN,1b,4.000,5.4,14.4,"$7,400,000 ",,,"$14,500,000 ","$15,000,000"
"Brigham, Jeff",2023,NYN,rhp,3.010,0.3,0.7,,,,"$760,000 ","$1,000,000"
"Curtiss, John",2023,NYN,rhp,3.045,-,1.2,"$700,000 ",,,,"$825,000"
"Guillorme, Luis",2023,NYN,inf,3.167,1.4,2.1,"$875,000 ",,,"$1,600,000 ","$1,500,000"
"Hernandez, Elieser",2023,NYN,rhp,4.051,0.0,2.0,"$1,325,000 ",,,"$1,600,000 ","$1,625,000"
"Lucchesi, Joey",2023,NYN,lhp-s,4.067,-,4.3,"$1,150,000 ",,,"$1,150,000 ","$1,200,000"
"McNeil, Jeff",2023,NYN,2b,4.069,3.6,9.3,"$3,000,000 ","$7,750,000 ","$6,250,000 ",,"$6,000,000"
"Nido, Tomás",2023,NYN,c,4.089,1.9,4.2,"$890,000 ",,,"$1,575,000 ","$2,000,000"
"Smith, Dominic",2023,NYN,1b,4.081,-0.1,0.0,"$3,950,000 ",,non-tendered,,"$4,100,000"
"Smith, Drew",2023,NYN,rhp,4.034,0.8,1.3,"$750,000 ",,,"$1,300,000 ","$1,400,000"
"Vogelbach, Daniel",2023,NYN,1b,4.138,0.7,3.5,"$800,000 ",,,,"$2,600,000"
"Blackburn, Paul",2023,OAK,rhp,3.018,0.6,0.4,"$710,000 ",,,"$1,900,000 ","$1,200,000"
"Guerra, Deolis",2023,OAK,rhp,4.071,-,1.2,"$815,000 ",,non-tendered,,"$825,000"
"Kemp, Tony",2023,OAK,2b-of,5.098,1.5,5.5,"$2,225,000 ",,,"$3,725,000 ","$3,500,000"
"Laureano, Ramon",2023,OAK,cf,3.165,0.8,9.4,"$2,046,154 ",,,"$3,550,000 ","$4,000,000"
"Pruitt, Austin",2023,OAK,rhp,4.055,0.3,1.4,,,outrighted,,"$1,275,000"
"Alvarado, José",2023,PHI,lhp,5.082,1.6,4.3,"$1,900,000 ","$3,700,000 ","$3,200,000 ","$3,450,000 ","$3,500,000"
"Coonrod, Sam",2023,PHI,rhp,3.078,0.0,1.1,"$717,500 ",,,"$775,000 ","$900,000"
"Domínguez, Seranthony",2023,PHI,rhp,4.131,1.0,2.6,"$727,500 ","$2,900,000 ","$2,100,000 ",2 y/$7.25 extn,"$2,250,000"
"Hoskins, Rhys",2023,PHI,1b,5.053,2.6,13.3,"$7,700,000 ",,,"$12,000,000 ","$11,000,000"
"Munoz, Yairo",2023,PHI,ss,3.003,0.1,0.7,,,outrighted,,"$900,000"
"Sosa, Edmundo",2023,PHI,ss,2.140,0.1,1.9,"$715,600 ",,,"$950,000 ","$1,250,000"
"Soto, Gregory",2023,PHI,lhp,3.102,0.4,1.4,"$722,400 ",,,"$3,925,000 ","$950,000"
"Suárez, Ranger",2023,PHI,lhp-s,3.112,0.1,2.6,"$730,000 ",,,"$2,950,000 ","$2,600,000"
"Andújar, Miguel",2023,PIT,3b,4.002,0.1,2.7,,,,"$1,525,000 ","$2,250,000"
"Brubaker, JT",2023,PIT,rhp,3.000,1.0,3.5,"$725,000 ",,,"$2,275,000 ","$2,150,000"
"Choi, Ji-Man",2023,PIT,1b,5.076,-0.3,2.1,"$3,200,000 ","$5,400,000 ","$4,650,000 ","$4,650,000 ","$3,750,000"
"Keller, Mitch",2023,PIT,rhp,3.026,1.2,2.3,"$725,000 ",,,"$2,437,500 ","$2,000,000"
"Stephenson, Robert",2023,PIT,rhp,5.049,0.2,3.2,"$1,280,000 ",,,"$1,750,000 ","$1,500,000"
"Underwood, Duane",2023,PIT,rhp,3.044,0.8,1.9,"$725,000 ",,,"$1,025,000 ","$1,300,000"
"Adams, Austin L.",2023,SDN,rhp,4.015,0.0,1.7,"$925,000 ",,outrighted,,"$1,350,000"
"Alfaro, Jorge",2023,SDN,c,5.083,-0.2,3.1,"$2,725,000 ",,non-tendered,,"$3,225,000"
"Castillo, José",2023,SDN,lhp,3.125,0.0,0.9,,,,"$730,000 ","$845,000"
"Cronenworth, Jake",2023,SDN,lf-rhp,3.000,2.1,5.3,"$757,200 ",,,"$4,225,000 ","$4,000,000"
"Grisham, Trent",2023,SDN,cf,3.060,0.8,4.4,"$729,300 ",,,"$3,175,000 ","$2,100,000"
"Hader, Josh",2023,SDN,rhp-c,5.115,0.4,9.6,"$11,000,000 ",,,"$14,100,000 ","$12,750,000"
"Hill, Tim",2023,SDN,lhp,4.112,0.1,2.6,"$1,325,000 ",,,"$1,850,000 ","$1,525,000"
"Morejon, Adrian",2023,SDN,lhp,3.013,0.2,0.8,"$704,500 ",,,"$800,000 ","$980,000"
"Nola, Austin",2023,SDN,c,3.106,0.5,3.6,"$726,900 ",,,"$2,350,000 ","$2,250,000"
"Soto, Juan",2023,SDN,lf,4.134,3.1,22.5,"$17,100,000 ",,,"$23,000,000 ","$23,500,000"
"Borucki, Ryan",2023,SEA,lhp-s,4.066,0.1,0.8,"$825,000 ",,,,"$900,000"
"Castillo, Diego",2023,SEA,rhp,4.118,0.7,5.2,"$2,150,000 ","$3,225,000 ","$2,950,000 ","$2,950,000 ","$3,500,000"
"France, Ty",2023,SEA,3b,3.089,2.6,7.0,"$734,500 ",,,"$4,100,000 ","$4,000,000"
"Hernández, Teoscar",2023,SEA,lf,5.097,3.0,12.5,"$10,650,000 ","$16,000,000 ","$14,000,000 ","$14,000,000 ","$15,000,000"
"Moore, Dylan",2023,SEA,3b,4.000,1.0,3.0,"$1,350,000 ","$2,250,000 ","$1,900,000 ",3 y/$8.875 extn,"$2,250,000"
"Murphy, Tom",2023,SEA,c,5.092,0.1,2.3,"$1,575,000 ",,,"$1,625,000 ","$1,825,000"
"Sadler, Casey",2023,SEA,rhp,4.035,-,1.5,"$1,025,000 ",,,,"$1,100,000"
"Sewald, Paul",2023,SEA,rhp,4.072,1.2,4.3,"$1,735,000 ",,,"$4,100,000 ","$3,400,000"
"Torrens, Luis",2023,SEA,c,3.091,-0.3,-0.7,"$1,200,000 ",,,,"$1,200,000"
"Weaver, Luke",2023,SEA,rhp,5.112,0.2,5.5,"$2,875,000 ",,non-tendered,,"$3,275,000"
"Alexander, Scott",2023,SFN,lhp,5.080,0.1,2.3,,,,"$1,200,000 ","$1,000,000"
"Brebbia, John",2023,SFN,rhp,5.078,0.4,3.2,"$837,500 ",,,"$2,300,000 ","$1,500,000"
"Cotton, Jharel",2023,SFN,rhp-s,3.162,0.0,0.6,"$700,000 ",,outrighted,,"$925,000"
"Davis, J.D.",2023,SFN,3b,4.137,0.0,2.3,"$2,760,000 ",,,"$4,210,000 ","$3,000,000"
"Estrada, Thairo",2023,SFN,2b-ss,2.169,1.9,2.9,"$715,000 ",,,"$2,250,000 ","$1,400,000"
"García, Jarlín",2023,SFN,lhp,5.114,0.7,3.0,"$1,725,000 ",,non-tendered,,"$2,750,000"
"Junis, Jakob",2023,SFN,rhp-s,5.002,1.2,5.0,,,,"$2,800,000 ","$4,150,000"
"Littell, Zack",2023,SFN,rhp,3.067,0.4,1.5,"$730,000 ",,outrighted,,"$975,000"
"Rogers, Tyler",2023,SFN,rhp,3.034,0.2,1.9,"$730,000 ",,,"$1,675,000 ","$1,200,000"
"Slater, Austin",2023,SFN,of,4.147,0.9,2.9,"$1,850,000 ",,,"$3,200,000 ","$2,750,000"
"Wade, LaMonte",2023,SFN,lf,3.035,0.7,2.1,"$730,000 ",,,"$1,375,000 ","$1,300,000"
"Webb, Logan",2023,SFN,rhp-s,3.044,2.7,7.6,"$730,000 ",,,"$4,600,000 ","$4,500,000"
"Yastrzemski, Mike",2023,SFN,of,3.128,1.6,7.4,"$3,700,000 ",,,"$6,100,000 ","$6,250,000"
"Young, Alex",2023,SFN,lhp-s,2.143,0.3,0.9,,,non-tendered,,"$900,000"
"Cabrera, Génesis",2023,SLN,lhp,3.011,-0.1,1.1,"$719,200 ","$1,150,000 ","$950,000 ","$950,000 ","$1,100,000"
"Edman, Tommy",2023,SLN,2b,3.114,2.7,7.3,"$722,900 ",,,"$4,200,000 ","$4,100,000"
"Flaherty, Jack",2023,SLN,rhp-s,5.006,0.1,11.0,"$5,000,000 ",,,"$5,400,000 ","$5,250,000"
"Helsley, Ryan",2023,SLN,rhp,3.105,1.8,2.3,"$722,450 ","$3,000,000 ","$2,150,000 ","$2,150,000 ","$2,000,000"
"Hicks, Jordan",2023,SLN,rhp-s,5.000,0.9,1.8,"$937,500 ",,,"$1,837,500 ","$1,800,000"
"Hudson, Dakota",2023,SLN,rhp-s,4.062,-1.2,1.4,"$1,050,000 ",,,"$2,650,000 ","$1,750,000"
"Knizner, Andrew",2023,SLN,c,3.021,0.0,-0.5,"$718,300 ",,,"$1,100,000 ","$925,000"
"Montgomery, Jordan",2023,SLN,lhp-s,5.153,0.8,4.7,"$6,000,000 ",,,"$10,000,000 ","$9,500,000"
"O'Neill, Tyler",2023,SLN,lf,4.059,0.6,6.0,"$3,400,000 ",,,"$4,950,000 ","$4,500,000"
"Reyes, Alex",2023,SLN,rhp-s,5.056,-,2.0,"$2,850,000 ",,non-tendered,,"$2,900,000"
"Stratton, Chris",2023,SLN,rhp-s,5.100,0.2,4.4,"$2,700,000 ",,,"$2,800,000 ","$3,000,000"
"Adam, Jason",2023,TBA,rhp,2.132,1.5,2.2,"$900,000 ","$1,775,000 ","$1,550,000 ","$1,775,000 ","$1,750,000"
"Anderson, Nick",2023,TBA,rhp,3.153,-,2.0,"$845,000 ",,outrighted,,"$850,000"
"Armstrong, Shawn",2023,TBA,rhp,4.113,1.0,2.5,"$1,000,000 ",,,"$1,200,000 ","$2,950,000"
"Arozarena, Randy",2023,TBA,lf,2.129,2.2,4.9,"$716,600 ",,,"$4,150,000 ","$3,600,000"
"Beeks, Jalen",2023,TBA,lhp,4.070,1.0,1.8,"$750,000 ",,,"$1,375,000 ","$2,400,000"
"Bethancourt, Christian",2023,TBA,c-lf,3.038,0.4,0.9,,,,"$1,350,000 ","$1,000,000"
"Chirinos, Yonny",2023,TBA,rhp-s,4.137,0.1,2.4,"$1,175,000 ",,,"$1,275,000 ","$1,300,000"
"Díaz, Yandy",2023,TBA,3b,4.122,3.4,7.1,"$2,800,000 ","$6,300,000 ","$5,500,000 ",3 y/$24M extn,"$6,000,000"
"Fairbanks, Pete",2023,TBA,rhp,3.057,0.8,2.6,"$714,400 ","$1,900,000 ","$1,500,000 ",,"$1,400,000"
"Kittredge, Andrew",2023,TBA,rhp,4.070,0.2,2.9,"$1,850,000 ",,,"$2,075,000 ","$2,500,000"
"Mejía, Francisco",2023,TBA,c,4.062,-0.3,1.6,"$1,455,000 ",,,"$2,155,000 ","$1,655,000"
"Poche, Colin",2023,TBA,lhp,3.109,0.6,1.3,,"$1,300,000 ","$1,175,000 ","$1,175,000 ","$1,600,000"
"Quinn, Roman",2023,TBA,of,4.035,0.0,0.9,,,outrighted,,"$900,000"
"Raley, Luke",2023,TBA,rf,3.045,-0.3,-0.6,,,,,"$760,000"
"Ramirez, Harold",2023,TBA,of,3.124,1.0,3.5,"$728,000 ","$2,200,000 ","$1,900,000 ","$2,200,000 ","$2,250,000"
"Springs, Jeffrey",2023,TBA,lhp,4.055,2.5,4.1,"$947,500 ","$3,550,000 ","$2,700,000 ",4 y/$31M extn,"$2,350,000"
"Thompson, Ryan",2023,TBA,rhp,3.000,0.5,1.6,,"$1,200,000 ","$1,000,000 ","$1,000,000 ","$1,400,000"
"Yarbrough, Ryan",2023,TBA,lhp-s,4.117,-0.5,1.9,"$3,850,000 ",,non-tendered,,"$4,050,000"
"Garver, Mitch",2023,TEX,c,5.045,0.9,6.0,"$3,335,000 ",,,"$3,900,000 ","$5,000,000"
"Hearn, Taylor",2023,TEX,lhp,3.125,-0.1,-0.2,"$1,050,000 ",,,"$1,462,500 ","$1,300,000"
"Hernández, Jonathan",2023,TEX,rhp,3.041,0.2,1.0,"$720,000 ",,,"$995,000 ","$990,000"
"Lowe, Nathaniel",2023,TEX,1b,2.145,2.7,3.2,"$716,000 ",,,"$4,050,000 ","$2,500,000"
"Martin, Brett",2023,TEX,lhp,3.151,0.4,1.6,"$1,025,000 ",,,"$1,275,000 ","$1,350,000"
"Bichette, Bo",2023,TOR,ss,3.063,3.1,8.4,"$723,550 ","$7,500,000 ","$5,000,000 ",3 y/$33.6M ext,"$5,750,000"
"Biggio, Cavan",2023,TOR,2b,3.129,0.1,3.6,"$2,112,500 ",,,"$2,800,000 ","$3,000,000"
"Cimber, Adam",2023,TOR,rhp,4.156,0.7,2.6,"$1,575,000 ",,,"$3,150,000 ","$2,850,000"
"Espinal, Santiago",2023,TOR,2b,2.149,1.4,4.3,"$718,000 ",,,"$2,100,000 ","$2,300,000"
"Guerrero, Vladimir Jr.",2023,TOR,3b,3.157,4.1,11.8,"$7,900,000 ",,,"$14,500,000 ","$14,500,000"
"Jansen, Danny",2023,TOR,c,4.050,1.9,6.1,"$1,950,000 ",,,"$3,500,000 ","$4,000,000"
"Mayza, Tim",2023,TOR,lhp,3.156,0.7,3.2,"$1,250,000 ",,,"$2,100,000 ","$2,350,000"
"Richards, Trevor",2023,TOR,rhp-s,4.084,1.0,4.3,"$1,000,000 ",,,"$1,500,000 ","$2,400,000"
"Romano, Jordan",2023,TOR,rhp,3.051,1.2,3.3,"$728,400 ",,,"$4,537,500 ","$3,500,000"
"Swanson, Erik",2023,TOR,rhp,3.096,1.3,2.1,"$711,600 ",,,"$1,250,000 ","$1,600,000"
"Tapia, Raimel",2023,TOR,of,5.020,0.4,2.1,"$3,950,000 ",,non-tendered,,"$5,000,000"
"Thornton, Trent",2023,TOR,rhp-s,3.073,0.2,0.9,"$850,000 ",,,"$1,000,000 ","$1,050,000"
"Varsho, Daulton",2023,TOR,c,2.128,2.8,4.2,"$721,700 ",,,"$3,050,000 ","$2,550,000"
"Zimmer, Bradley",2023,TOR,of,4.077,-0.1,1.0,"$1,300,000 ",,non-tendered,,"$1,450,000"
"Arano, Victor",2023,WAS,rhp,3.022,0.7,1.6,"$900,000 ",,,"$925,000 ","$1,150,000"
"Edwards Jr., Carl",2023,WAS,rhp,5.169,0.8,4.5,,,,"$2,250,000 ","$1,500,000"
"Fedde, Erick",2023,WAS,rhp,4.099,-1.2,1.7,"$2,150,000 ",,non-tendered,,"$2,650,000"
"Finnegan, Kyle",2023,WAS,rhp,3.000,1.2,2.4,"$725,900 ",,,"$2,325,000 ","$2,100,000"
"Harvey, Hunter",2023,WAS,rhp,3.047,0.7,0.9,,,,"$870,000 ","$875,000"
"Rainey, Tanner",2023,WAS,rhp,3.127,0.4,2.0,"$860,000 ",,,"$1,500,000 ","$1,500,000"
"Robles, Victor",2023,WAS,cf,4.033,1.4,5.8,"$1,650,000 ","$2,600,000 ","$2,300,000 ",1 y/$2.325+opt,"$3,900,000"
"Thomas, Lane",2023,WAS,rf,3.014,1.9,3.4,"$723,600 ",,,"$2,200,000 ","$1,650,000"
"Vargas, Ildemaro",2023,WAS,ss,3.007,0.8,2.6,,,,"$975,000 ","$1,250,000"
"Voit, Luke",2023,WAS,1b,4.169,0.2,4.8,"$5,450,000 ",,non-tendered,,"$6,500,000"